{
    "bgmVolume": 0.13610687851905824,
    "bgmSpeed": 0.8999999761581421,
    "bgmOnOff": true
}